rota_id,date,shift_id,employeeID
2024-04-22_1_93328,2024-04-22,1,93328
2024-04-22_1_65265,2024-04-22,1,65265
2024-04-22_1_27249,2024-04-22,1,27249
2024-04-22_1_14753,2024-04-22,1,14753
2024-04-22_1_92389,2024-04-22,1,92389
2024-04-22_1_21734,2024-04-22,1,21734
2024-04-22_1_22391,2024-04-22,1,22391
2024-04-22_1_22783,2024-04-22,1,22783
2024-02-22_2_60742,2024-02-22,2,60742
2024-01-29_3_64559,2024-01-29,3,64559
2024-01-29_3_22783,2024-01-29,3,22783
2024-01-29_3_33107,2024-01-29,3,33107
2024-01-29_3_3445,2024-01-29,3,3445
2024-01-29_3_66857,2024-01-29,3,66857
2024-01-29_3_21734,2024-01-29,3,21734
2024-01-29_3_51930,2024-01-29,3,51930
2024-04-27_4_54397,2024-04-27,4,54397
2024-04-27_4_35678,2024-04-27,4,35678
2024-04-27_4_55837,2024-04-27,4,55837
2024-04-27_4_63456,2024-04-27,4,63456
2024-04-27_4_13000,2024-04-27,4,13000
2024-04-27_4_74722,2024-04-27,4,74722
2024-04-27_4_10573,2024-04-27,4,10573
2024-04-27_4_69875,2024-04-27,4,69875
2024-04-27_4_68371,2024-04-27,4,68371
2024-03-12_5_55837,2024-03-12,5,55837
2024-03-12_5_14774,2024-03-12,5,14774
2024-03-12_5_87767,2024-03-12,5,87767
2024-04-15_6_28980,2024-04-15,6,28980
2024-04-15_6_45879,2024-04-15,6,45879
2024-02-01_7_54373,2024-02-01,7,54373
2024-02-01_7_51930,2024-02-01,7,51930
2024-02-01_7_90568,2024-02-01,7,90568
2024-02-01_7_93942,2024-02-01,7,93942
2024-02-01_7_26134,2024-02-01,7,26134
2024-02-01_7_87767,2024-02-01,7,87767
2024-02-01_7_3445,2024-02-01,7,3445
2024-02-01_7_43722,2024-02-01,7,43722
2024-03-13_8_16145,2024-03-13,8,16145
2024-03-13_8_92490,2024-03-13,8,92490
2024-03-13_8_3445,2024-03-13,8,3445
2024-03-13_8_5150,2024-03-13,8,5150
2024-03-13_8_87549,2024-03-13,8,87549
2024-03-13_8_93328,2024-03-13,8,93328
2024-02-12_9_16983,2024-02-12,9,16983
2024-02-12_9_14774,2024-02-12,9,14774
2024-03-10_10_40689,2024-03-10,10,40689
2024-03-10_10_13000,2024-03-10,10,13000
2024-03-10_10_70191,2024-03-10,10,70191
2024-03-10_10_16921,2024-03-10,10,16921
2024-01-26_11_26664,2024-01-26,11,26664
2024-01-26_11_34178,2024-01-26,11,34178
2024-01-26_11_93942,2024-01-26,11,93942
2024-03-06_12_69100,2024-03-06,12,69100
2024-03-06_12_96649,2024-03-06,12,96649
2024-02-07_13_14753,2024-02-07,13,14753
2024-04-25_14_39162,2024-04-25,14,39162
2024-04-25_14_45543,2024-04-25,14,45543
2024-04-25_14_96649,2024-04-25,14,96649
2024-04-25_14_66857,2024-04-25,14,66857
2024-04-25_14_53773,2024-04-25,14,53773
2024-04-25_14_93942,2024-04-25,14,93942
2024-04-25_14_87767,2024-04-25,14,87767
2024-04-25_14_51722,2024-04-25,14,51722
2024-04-17_15_28399,2024-04-17,15,28399
2024-04-16_16_21995,2024-04-16,16,21995
2024-04-16_16_77375,2024-04-16,16,77375
2024-04-16_16_1400,2024-04-16,16,1400
2024-04-16_16_40618,2024-04-16,16,40618
2024-03-12_17_49239,2024-03-12,17,49239
2024-03-12_17_10232,2024-03-12,17,10232
2024-03-12_17_14774,2024-03-12,17,14774
2024-03-12_17_93823,2024-03-12,17,93823
2024-03-12_17_6794,2024-03-12,17,6794
2024-03-12_17_51722,2024-03-12,17,51722
2024-03-12_17_94033,2024-03-12,17,94033
2024-03-12_17_5384,2024-03-12,17,5384
2024-01-21_18_66046,2024-01-21,18,66046
2024-01-21_18_19374,2024-01-21,18,19374
2024-01-21_18_25516,2024-01-21,18,25516
2024-01-21_18_89702,2024-01-21,18,89702
2024-01-21_18_93814,2024-01-21,18,93814
2024-01-21_18_65301,2024-01-21,18,65301
2024-01-21_18_51930,2024-01-21,18,51930
2024-01-21_18_28980,2024-01-21,18,28980
2024-01-21_18_39162,2024-01-21,18,39162
2024-01-21_18_55769,2024-01-21,18,55769
2024-02-01_19_85397,2024-02-01,19,85397
2024-02-01_19_69875,2024-02-01,19,69875
2024-03-26_20_24636,2024-03-26,20,24636
2024-03-26_20_25516,2024-03-26,20,25516
2024-03-26_20_23314,2024-03-26,20,23314
2024-03-26_20_19374,2024-03-26,20,19374
2024-02-03_21_28761,2024-02-03,21,28761
2024-02-03_21_63456,2024-02-03,21,63456
2024-02-03_21_14753,2024-02-03,21,14753
2024-04-14_22_22413,2024-04-14,22,22413
2024-04-14_22_87767,2024-04-14,22,87767
2024-02-28_23_77128,2024-02-28,23,77128
2024-02-28_23_52364,2024-02-28,23,52364
2024-02-28_23_68905,2024-02-28,23,68905
2024-02-28_23_93814,2024-02-28,23,93814
2024-02-28_23_26664,2024-02-28,23,26664
2024-02-28_23_24636,2024-02-28,23,24636
2024-02-28_23_877,2024-02-28,23,877
2024-02-28_23_51612,2024-02-28,23,51612
2024-02-28_23_11746,2024-02-28,23,11746
2024-04-20_24_98318,2024-04-20,24,98318
2024-04-20_24_5150,2024-04-20,24,5150
2024-04-20_24_70415,2024-04-20,24,70415
2024-04-20_24_85805,2024-04-20,24,85805
2024-04-20_24_41083,2024-04-20,24,41083
2024-04-20_24_74174,2024-04-20,24,74174
2024-04-20_24_74722,2024-04-20,24,74722
2024-04-20_24_83654,2024-04-20,24,83654
2024-04-20_24_16145,2024-04-20,24,16145
2024-04-20_24_24636,2024-04-20,24,24636
2024-01-18_25_25830,2024-01-18,25,25830
2024-01-18_25_22391,2024-01-18,25,22391
2024-01-18_25_19374,2024-01-18,25,19374
2024-01-18_25_66231,2024-01-18,25,66231
2024-01-18_25_93942,2024-01-18,25,93942
2024-01-18_25_46541,2024-01-18,25,46541
2024-03-12_26_86288,2024-03-12,26,86288
2024-03-12_26_74557,2024-03-12,26,74557
2024-03-12_26_36948,2024-03-12,26,36948
2024-03-12_26_24636,2024-03-12,26,24636
2024-03-12_26_65301,2024-03-12,26,65301
2024-04-21_27_60191,2024-04-21,27,60191
2024-04-21_27_36123,2024-04-21,27,36123
2024-04-21_27_40618,2024-04-21,27,40618
2024-04-21_27_27249,2024-04-21,27,27249
2024-04-21_27_22413,2024-04-21,27,22413
2024-04-21_27_65971,2024-04-21,27,65971
2024-04-21_27_82466,2024-04-21,27,82466
2024-04-21_27_16145,2024-04-21,27,16145
2024-01-13_28_89702,2024-01-13,28,89702
2024-01-13_28_64559,2024-01-13,28,64559
2024-04-09_29_85805,2024-04-09,29,85805
2024-04-09_29_10232,2024-04-09,29,10232
2024-04-09_29_55837,2024-04-09,29,55837
2024-04-09_29_52495,2024-04-09,29,52495
2024-04-09_29_70415,2024-04-09,29,70415
2024-04-09_29_15561,2024-04-09,29,15561
2024-04-09_29_27249,2024-04-09,29,27249
2024-04-09_29_65301,2024-04-09,29,65301
2024-04-09_29_16983,2024-04-09,29,16983
2024-04-27_30_58073,2024-04-27,30,58073
2024-04-27_30_16921,2024-04-27,30,16921
2024-04-27_30_87549,2024-04-27,30,87549
2024-04-27_30_16180,2024-04-27,30,16180
2024-04-27_30_64559,2024-04-27,30,64559
2024-01-11_31_21734,2024-01-11,31,21734
2024-01-11_31_41083,2024-01-11,31,41083
2024-01-11_31_77375,2024-01-11,31,77375
2024-04-01_32_64123,2024-04-01,32,64123
2024-04-01_32_15561,2024-04-01,32,15561
2024-04-01_32_34644,2024-04-01,32,34644
2024-04-01_32_10232,2024-04-01,32,10232
2024-04-01_32_25516,2024-04-01,32,25516
2024-04-01_32_68371,2024-04-01,32,68371
2024-04-01_32_53773,2024-04-01,32,53773
2024-04-01_32_28506,2024-04-01,32,28506
2024-01-12_33_16921,2024-01-12,33,16921
2024-01-12_33_92389,2024-01-12,33,92389
2024-01-12_33_66857,2024-01-12,33,66857
2024-01-12_33_86288,2024-01-12,33,86288
2024-02-14_34_74722,2024-02-14,34,74722
2024-02-14_34_23305,2024-02-14,34,23305
2024-02-14_34_28399,2024-02-14,34,28399
2024-02-14_34_21734,2024-02-14,34,21734
2024-02-14_34_3721,2024-02-14,34,3721
2024-02-14_34_64559,2024-02-14,34,64559
2024-03-07_35_89702,2024-03-07,35,89702
2024-03-07_35_70415,2024-03-07,35,70415
2024-01-03_36_3824,2024-01-03,36,3824
2024-01-03_36_68371,2024-01-03,36,68371
2024-01-03_36_59279,2024-01-03,36,59279
2024-01-03_36_63456,2024-01-03,36,63456
2024-01-03_36_36123,2024-01-03,36,36123
2024-01-03_36_11494,2024-01-03,36,11494
2024-01-03_36_36948,2024-01-03,36,36948
2024-01-03_36_58341,2024-01-03,36,58341
2024-01-03_36_36729,2024-01-03,36,36729
2024-02-29_37_28399,2024-02-29,37,28399
2024-02-29_37_58283,2024-02-29,37,58283
2024-02-29_37_60742,2024-02-29,37,60742
2024-04-26_38_23314,2024-04-26,38,23314
2024-04-26_38_92490,2024-04-26,38,92490
2024-04-26_38_40689,2024-04-26,38,40689
2024-04-26_38_90113,2024-04-26,38,90113
2024-03-05_39_66857,2024-03-05,39,66857
2024-03-05_39_43722,2024-03-05,39,43722
2024-03-05_39_11746,2024-03-05,39,11746
2024-03-05_39_77375,2024-03-05,39,77375
2024-03-05_39_96649,2024-03-05,39,96649
2024-03-05_39_31396,2024-03-05,39,31396
2024-03-05_39_59279,2024-03-05,39,59279
2024-03-05_39_13000,2024-03-05,39,13000
2024-03-05_39_90269,2024-03-05,39,90269
2024-04-19_40_16145,2024-04-19,40,16145
2024-02-23_41_99918,2024-02-23,41,99918
2024-02-23_41_59684,2024-02-23,41,59684
2024-02-23_41_19374,2024-02-23,41,19374
2024-02-23_41_74557,2024-02-23,41,74557
2024-02-23_41_53773,2024-02-23,41,53773
2024-02-23_41_90511,2024-02-23,41,90511
2024-02-23_41_60742,2024-02-23,41,60742
2024-02-23_41_34730,2024-02-23,41,34730
2024-02-23_41_92490,2024-02-23,41,92490
2024-02-23_41_60191,2024-02-23,41,60191
2024-03-07_42_15561,2024-03-07,42,15561
2024-03-07_42_8915,2024-03-07,42,8915
2024-03-07_42_48915,2024-03-07,42,48915
2024-03-07_42_90568,2024-03-07,42,90568
2024-03-07_42_70191,2024-03-07,42,70191
2024-03-07_42_58341,2024-03-07,42,58341
2024-03-07_42_26134,2024-03-07,42,26134
2024-03-07_42_36123,2024-03-07,42,36123
2024-01-24_43_16145,2024-01-24,43,16145
2024-01-24_43_25830,2024-01-24,43,25830
2024-01-24_43_28506,2024-01-24,43,28506
2024-02-14_44_40618,2024-02-14,44,40618
2024-02-14_44_21995,2024-02-14,44,21995
2024-02-14_44_25830,2024-02-14,44,25830
2024-02-14_44_3824,2024-02-14,44,3824
2024-02-14_44_36038,2024-02-14,44,36038
2024-02-14_44_15561,2024-02-14,44,15561
2024-02-14_44_85397,2024-02-14,44,85397
2024-03-24_45_19374,2024-03-24,45,19374
2024-03-24_45_85397,2024-03-24,45,85397
2024-03-24_45_14774,2024-03-24,45,14774
2024-03-24_45_40689,2024-03-24,45,40689
2024-03-24_45_36038,2024-03-24,45,36038
2024-03-24_45_1400,2024-03-24,45,1400
2024-03-24_45_71576,2024-03-24,45,71576
2024-03-24_45_10573,2024-03-24,45,10573
2024-03-24_45_89702,2024-03-24,45,89702
2024-01-27_46_93814,2024-01-27,46,93814
2024-01-27_46_6794,2024-01-27,46,6794
2024-01-27_46_89702,2024-01-27,46,89702
2024-01-27_46_27249,2024-01-27,46,27249
2024-01-27_46_58073,2024-01-27,46,58073
2024-01-27_46_34178,2024-01-27,46,34178
2024-01-27_46_12914,2024-01-27,46,12914
2024-01-27_46_58283,2024-01-27,46,58283
2024-01-27_46_36123,2024-01-27,46,36123
2024-01-27_46_51930,2024-01-27,46,51930
2024-02-29_47_85397,2024-02-29,47,85397
2024-02-29_47_92490,2024-02-29,47,92490
2024-02-29_47_33107,2024-02-29,47,33107
2024-02-29_47_65301,2024-02-29,47,65301
2024-02-29_47_70217,2024-02-29,47,70217
2024-02-29_47_92389,2024-02-29,47,92389
2024-02-29_47_58341,2024-02-29,47,58341
2024-02-29_47_56599,2024-02-29,47,56599
2024-02-29_47_54373,2024-02-29,47,54373
2024-01-23_48_93814,2024-01-23,48,93814
2024-01-23_48_90269,2024-01-23,48,90269
2024-01-23_48_65971,2024-01-23,48,65971
2024-01-23_48_80537,2024-01-23,48,80537
2024-02-26_49_36729,2024-02-26,49,36729
2024-02-26_49_24259,2024-02-26,49,24259
2024-02-26_49_33107,2024-02-26,49,33107
2024-02-26_49_90845,2024-02-26,49,90845
2024-02-26_49_70217,2024-02-26,49,70217
2024-04-07_50_50994,2024-04-07,50,50994
2024-04-07_50_92389,2024-04-07,50,92389
2024-04-07_50_92490,2024-04-07,50,92490
2024-04-07_50_41083,2024-04-07,50,41083
2024-04-07_50_58341,2024-04-07,50,58341
2024-04-07_50_42617,2024-04-07,50,42617
2024-04-07_50_66231,2024-04-07,50,66231
2024-04-07_50_12914,2024-04-07,50,12914
2024-04-07_50_70191,2024-04-07,50,70191
2024-01-05_51_22783,2024-01-05,51,22783
2024-01-05_51_22391,2024-01-05,51,22391
2024-01-05_51_41083,2024-01-05,51,41083
2024-01-05_51_43881,2024-01-05,51,43881
2024-01-05_51_16145,2024-01-05,51,16145
2024-01-05_51_24259,2024-01-05,51,24259
2024-01-05_51_50994,2024-01-05,51,50994
2024-01-05_51_54397,2024-01-05,51,54397
2024-01-05_51_51612,2024-01-05,51,51612
2024-03-24_52_92490,2024-03-24,52,92490
2024-03-24_52_25035,2024-03-24,52,25035
2024-03-24_52_12914,2024-03-24,52,12914
2024-03-24_52_25516,2024-03-24,52,25516
2024-03-24_52_16180,2024-03-24,52,16180
2024-03-24_52_65301,2024-03-24,52,65301
2024-03-24_52_19374,2024-03-24,52,19374
2024-03-24_52_58709,2024-03-24,52,58709
2024-02-10_53_19576,2024-02-10,53,19576
2024-02-10_53_5384,2024-02-10,53,5384
2024-02-10_53_54373,2024-02-10,53,54373
2024-02-10_53_70217,2024-02-10,53,70217
2024-04-01_54_34730,2024-04-01,54,34730
2024-04-01_54_60191,2024-04-01,54,60191
2024-01-04_55_55769,2024-01-04,55,55769
2024-01-04_55_3824,2024-01-04,55,3824
2024-01-04_55_77128,2024-01-04,55,77128
2024-01-04_55_877,2024-01-04,55,877
2024-01-04_55_36123,2024-01-04,55,36123
2024-04-28_56_43722,2024-04-28,56,43722
2024-04-28_56_21609,2024-04-28,56,21609
2024-04-28_56_35678,2024-04-28,56,35678
2024-04-28_56_5384,2024-04-28,56,5384
2024-04-28_56_19374,2024-04-28,56,19374
2024-04-28_56_56599,2024-04-28,56,56599
2024-04-28_56_90568,2024-04-28,56,90568
2024-04-28_56_14774,2024-04-28,56,14774
2024-04-21_57_63456,2024-04-21,57,63456
2024-04-21_57_43881,2024-04-21,57,43881
2024-04-21_57_82466,2024-04-21,57,82466
2024-04-21_57_31396,2024-04-21,57,31396
2024-04-21_57_22391,2024-04-21,57,22391
2024-04-21_57_90113,2024-04-21,57,90113
2024-04-21_57_16180,2024-04-21,57,16180
2024-04-21_57_54397,2024-04-21,57,54397
2024-04-21_57_94033,2024-04-21,57,94033
2024-04-21_57_90269,2024-04-21,57,90269
2024-02-24_58_60742,2024-02-24,58,60742
2024-02-24_58_28506,2024-02-24,58,28506
2024-02-24_58_34730,2024-02-24,58,34730
2024-02-24_58_64559,2024-02-24,58,64559
2024-02-24_58_5150,2024-02-24,58,5150
2024-01-06_59_36038,2024-01-06,59,36038
2024-01-06_59_69875,2024-01-06,59,69875
2024-01-06_59_34730,2024-01-06,59,34730
2024-01-06_59_70191,2024-01-06,59,70191
2024-01-06_59_45543,2024-01-06,59,45543
2024-01-06_59_22391,2024-01-06,59,22391
2024-01-18_60_65301,2024-01-18,60,65301
2024-01-18_60_36729,2024-01-18,60,36729
2024-01-18_60_55837,2024-01-18,60,55837
2024-01-18_60_3824,2024-01-18,60,3824
2024-01-18_60_54373,2024-01-18,60,54373
2024-01-18_60_14774,2024-01-18,60,14774
2024-01-18_60_42617,2024-01-18,60,42617
2024-01-18_60_29528,2024-01-18,60,29528
2024-01-18_60_14172,2024-01-18,60,14172
2024-02-28_61_83654,2024-02-28,61,83654
2024-02-28_61_16983,2024-02-28,61,16983
2024-02-28_61_81780,2024-02-28,61,81780
2024-02-28_61_77128,2024-02-28,61,77128
2024-03-10_62_14018,2024-03-10,62,14018
2024-03-10_62_34730,2024-03-10,62,34730
2024-03-10_62_55837,2024-03-10,62,55837
2024-03-10_62_3445,2024-03-10,62,3445
2024-03-10_62_27249,2024-03-10,62,27249
2024-03-10_62_80537,2024-03-10,62,80537
2024-03-10_62_43722,2024-03-10,62,43722
2024-03-10_62_70217,2024-03-10,62,70217
2024-01-21_63_56599,2024-01-21,63,56599
2024-01-21_63_72330,2024-01-21,63,72330
2024-01-21_63_40618,2024-01-21,63,40618
2024-01-21_63_68905,2024-01-21,63,68905
2024-01-21_63_36038,2024-01-21,63,36038
2024-01-21_63_14753,2024-01-21,63,14753
2024-01-21_63_6112,2024-01-21,63,6112
2024-01-21_63_98318,2024-01-21,63,98318
2024-01-21_63_5384,2024-01-21,63,5384
2024-03-17_64_36038,2024-03-17,64,36038
2024-03-17_64_90845,2024-03-17,64,90845
2024-04-05_65_40618,2024-04-05,65,40618
2024-04-05_65_51930,2024-04-05,65,51930
2024-01-23_66_24636,2024-01-23,66,24636
2024-01-23_66_26134,2024-01-23,66,26134
2024-01-23_66_72330,2024-01-23,66,72330
2024-01-23_66_93823,2024-01-23,66,93823
2024-01-23_66_74557,2024-01-23,66,74557
2024-01-23_66_52226,2024-01-23,66,52226
2024-01-23_66_96649,2024-01-23,66,96649
2024-04-24_67_45879,2024-04-24,67,45879
2024-04-24_67_49239,2024-04-24,67,49239
2024-04-24_67_54373,2024-04-24,67,54373
2024-04-24_67_31396,2024-04-24,67,31396
2024-04-24_67_92490,2024-04-24,67,92490
2024-01-02_68_65265,2024-01-02,68,65265
2024-01-30_69_3445,2024-01-30,69,3445
2024-02-24_70_69100,2024-02-24,70,69100
2024-02-24_70_23305,2024-02-24,70,23305
2024-02-24_70_70217,2024-02-24,70,70217
2024-02-24_70_18007,2024-02-24,70,18007
2024-02-24_70_65971,2024-02-24,70,65971
2024-01-07_71_85805,2024-01-07,71,85805
2024-01-07_71_29528,2024-01-07,71,29528
2024-03-27_72_13000,2024-03-27,72,13000
2024-03-27_72_93823,2024-03-27,72,93823
2024-03-27_72_58709,2024-03-27,72,58709
2024-03-27_72_5384,2024-03-27,72,5384
2024-01-14_73_72330,2024-01-14,73,72330
2024-01-14_73_19576,2024-01-14,73,19576
2024-01-14_73_58709,2024-01-14,73,58709
2024-01-14_73_70536,2024-01-14,73,70536
2024-01-14_73_1400,2024-01-14,73,1400
2024-01-14_73_52495,2024-01-14,73,52495
2024-01-14_73_49674,2024-01-14,73,49674
2024-01-14_73_93814,2024-01-14,73,93814
2024-01-14_73_92389,2024-01-14,73,92389
2024-01-14_73_34178,2024-01-14,73,34178
2024-02-03_74_52364,2024-02-03,74,52364
2024-02-03_74_22783,2024-02-03,74,22783
2024-02-03_74_36948,2024-02-03,74,36948
2024-02-03_74_93942,2024-02-03,74,93942
2024-02-03_74_42220,2024-02-03,74,42220
2024-02-03_74_16145,2024-02-03,74,16145
2024-02-03_74_96649,2024-02-03,74,96649
2024-02-28_75_48915,2024-02-28,75,48915
2024-02-28_75_10232,2024-02-28,75,10232
2024-02-28_75_53773,2024-02-28,75,53773
2024-02-28_75_42220,2024-02-28,75,42220
2024-02-28_75_40689,2024-02-28,75,40689
2024-04-05_76_22783,2024-04-05,76,22783
2024-04-05_76_35678,2024-04-05,76,35678
2024-04-05_76_65301,2024-04-05,76,65301
2024-04-05_76_59279,2024-04-05,76,59279
2024-04-05_76_53717,2024-04-05,76,53717
2024-04-05_76_28506,2024-04-05,76,28506
2024-04-05_76_85397,2024-04-05,76,85397
2024-04-05_76_16145,2024-04-05,76,16145
2024-04-05_76_34730,2024-04-05,76,34730
2024-01-12_77_66046,2024-01-12,77,66046
2024-01-12_77_16217,2024-01-12,77,16217
2024-01-12_77_51612,2024-01-12,77,51612
2024-01-12_77_19374,2024-01-12,77,19374
2024-01-12_77_77375,2024-01-12,77,77375
2024-01-12_77_77128,2024-01-12,77,77128
2024-01-12_77_92389,2024-01-12,77,92389
2024-03-07_78_90568,2024-03-07,78,90568
2024-03-07_78_19374,2024-03-07,78,19374
2024-03-07_78_71576,2024-03-07,78,71576
2024-03-07_78_16217,2024-03-07,78,16217
2024-03-07_78_54397,2024-03-07,78,54397
2024-03-07_78_36038,2024-03-07,78,36038
2024-03-07_78_13000,2024-03-07,78,13000
2024-03-07_78_11494,2024-03-07,78,11494
2024-03-14_79_14753,2024-03-14,79,14753
2024-03-14_79_56599,2024-03-14,79,56599
2024-03-14_79_81780,2024-03-14,79,81780
2024-03-14_79_94033,2024-03-14,79,94033
2024-03-14_79_69100,2024-03-14,79,69100
2024-03-14_79_40689,2024-03-14,79,40689
2024-03-14_79_25830,2024-03-14,79,25830
2024-03-14_79_93823,2024-03-14,79,93823
2024-03-14_79_51930,2024-03-14,79,51930
2024-04-27_80_58341,2024-04-27,80,58341
2024-04-27_80_11494,2024-04-27,80,11494
2024-04-27_80_28980,2024-04-27,80,28980
2024-01-14_81_14774,2024-01-14,81,14774
2024-01-14_81_49239,2024-01-14,81,49239
2024-01-14_81_36038,2024-01-14,81,36038
2024-01-14_81_66231,2024-01-14,81,66231
2024-01-14_81_6794,2024-01-14,81,6794
2024-01-14_81_29528,2024-01-14,81,29528
2024-01-14_81_66046,2024-01-14,81,66046
2024-01-14_81_53717,2024-01-14,81,53717
2024-01-14_81_60191,2024-01-14,81,60191
2024-01-16_82_99918,2024-01-16,82,99918
2024-01-16_82_11494,2024-01-16,82,11494
2024-01-16_82_48067,2024-01-16,82,48067
2024-01-16_82_36123,2024-01-16,82,36123
2024-02-29_83_87767,2024-02-29,83,87767
2024-02-29_83_65971,2024-02-29,83,65971
2024-02-29_83_3721,2024-02-29,83,3721
2024-02-29_83_28980,2024-02-29,83,28980
2024-02-29_83_54373,2024-02-29,83,54373
2024-02-29_83_14753,2024-02-29,83,14753
2024-02-29_83_94033,2024-02-29,83,94033
2024-02-29_83_89702,2024-02-29,83,89702
2024-02-29_83_55837,2024-02-29,83,55837
2024-02-29_83_53717,2024-02-29,83,53717
2024-03-12_84_36729,2024-03-12,84,36729
2024-03-12_84_76351,2024-03-12,84,76351
2024-03-12_84_70415,2024-03-12,84,70415
2024-03-12_84_90113,2024-03-12,84,90113
2024-03-12_84_70217,2024-03-12,84,70217
2024-03-12_84_42220,2024-03-12,84,42220
2024-03-12_84_35678,2024-03-12,84,35678
2024-03-12_84_10573,2024-03-12,84,10573
2024-03-12_84_98318,2024-03-12,84,98318
2024-01-07_85_28399,2024-01-07,85,28399
2024-01-07_85_71576,2024-01-07,85,71576
2024-01-07_85_36038,2024-01-07,85,36038
2024-01-05_86_81780,2024-01-05,86,81780
2024-01-05_86_52495,2024-01-05,86,52495
2024-01-05_86_26664,2024-01-05,86,26664
2024-01-05_86_48067,2024-01-05,86,48067
2024-01-16_87_65971,2024-01-16,87,65971
2024-01-16_87_22413,2024-01-16,87,22413
2024-01-16_87_28399,2024-01-16,87,28399
2024-01-16_87_172,2024-01-16,87,172
2024-01-16_87_10232,2024-01-16,87,10232
2024-01-16_87_41083,2024-01-16,87,41083
2024-01-16_87_66857,2024-01-16,87,66857
2024-04-25_88_93823,2024-04-25,88,93823
2024-04-25_88_6794,2024-04-25,88,6794
2024-04-25_88_34644,2024-04-25,88,34644
2024-04-25_88_16217,2024-04-25,88,16217
2024-04-25_88_25516,2024-04-25,88,25516
2024-04-25_88_55769,2024-04-25,88,55769
2024-04-25_88_22413,2024-04-25,88,22413
2024-04-25_88_80537,2024-04-25,88,80537
2024-04-25_88_36038,2024-04-25,88,36038
2024-04-25_88_23314,2024-04-25,88,23314
2024-02-10_89_877,2024-02-10,89,877
2024-02-10_89_49674,2024-02-10,89,49674
2024-02-10_89_41083,2024-02-10,89,41083
2024-02-10_90_51722,2024-02-10,90,51722
2024-02-10_90_43722,2024-02-10,90,43722
2024-02-10_90_96649,2024-02-10,90,96649
2024-02-10_90_3445,2024-02-10,90,3445
2024-02-10_90_24259,2024-02-10,90,24259
2024-02-10_90_1400,2024-02-10,90,1400
2024-02-10_90_21609,2024-02-10,90,21609
2024-01-26_91_16180,2024-01-26,91,16180
2024-01-26_91_74174,2024-01-26,91,74174
2024-03-21_92_36123,2024-03-21,92,36123
2024-03-21_92_16145,2024-03-21,92,16145
2024-03-21_92_52495,2024-03-21,92,52495
2024-03-21_92_41083,2024-03-21,92,41083
2024-03-21_92_21609,2024-03-21,92,21609
2024-03-29_93_22391,2024-03-29,93,22391
2024-03-29_93_40618,2024-03-29,93,40618
2024-03-29_93_68371,2024-03-29,93,68371
2024-03-29_93_51722,2024-03-29,93,51722
2024-03-29_93_58709,2024-03-29,93,58709
2024-03-29_93_64123,2024-03-29,93,64123
2024-03-29_93_66231,2024-03-29,93,66231
2024-03-29_93_16921,2024-03-29,93,16921
2024-03-29_93_3721,2024-03-29,93,3721
2024-03-29_93_172,2024-03-29,93,172
2024-02-29_94_22783,2024-02-29,94,22783
2024-02-29_94_19576,2024-02-29,94,19576
2024-02-27_95_90568,2024-02-27,95,90568
2024-02-10_96_21609,2024-02-10,96,21609
2024-02-10_96_58283,2024-02-10,96,58283
2024-02-10_96_14774,2024-02-10,96,14774
2024-02-10_96_65301,2024-02-10,96,65301
2024-02-22_97_85805,2024-02-22,97,85805
2024-02-22_97_93814,2024-02-22,97,93814
2024-02-22_97_52495,2024-02-22,97,52495
2024-02-22_97_63456,2024-02-22,97,63456
2024-02-22_97_85397,2024-02-22,97,85397
2024-02-22_97_3445,2024-02-22,97,3445
2024-02-22_97_51612,2024-02-22,97,51612
2024-01-24_98_51612,2024-01-24,98,51612
2024-01-24_98_90113,2024-01-24,98,90113
2024-01-24_98_99918,2024-01-24,98,99918
2024-01-24_98_54373,2024-01-24,98,54373
2024-01-24_98_27249,2024-01-24,98,27249
2024-01-24_98_22391,2024-01-24,98,22391
2024-01-24_98_36038,2024-01-24,98,36038
2024-01-24_98_26664,2024-01-24,98,26664
2024-03-07_99_27249,2024-03-07,99,27249
2024-03-07_99_51930,2024-03-07,99,51930
2024-03-07_99_16921,2024-03-07,99,16921
2024-03-07_99_63456,2024-03-07,99,63456
2024-01-20_100_43722,2024-01-20,100,43722
2024-01-20_100_5384,2024-01-20,100,5384
2024-01-20_100_59684,2024-01-20,100,59684
2024-01-20_100_87549,2024-01-20,100,87549
2024-01-20_100_36729,2024-01-20,100,36729
2024-01-20_100_10232,2024-01-20,100,10232
2024-01-06_101_87767,2024-01-06,101,87767
2024-01-06_101_49239,2024-01-06,101,49239
2024-01-06_101_43722,2024-01-06,101,43722
2024-01-06_101_70415,2024-01-06,101,70415
2024-01-06_101_52364,2024-01-06,101,52364
2024-01-06_101_58283,2024-01-06,101,58283
2024-01-06_101_1400,2024-01-06,101,1400
2024-01-06_101_53773,2024-01-06,101,53773
2024-01-06_101_34730,2024-01-06,101,34730
2024-01-06_101_43881,2024-01-06,101,43881
2024-02-27_102_70415,2024-02-27,102,70415
2024-02-27_102_22413,2024-02-27,102,22413
2024-02-27_102_11494,2024-02-27,102,11494
2024-02-27_102_69875,2024-02-27,102,69875
2024-02-27_102_36729,2024-02-27,102,36729
2024-02-27_102_172,2024-02-27,102,172
2024-02-27_102_59684,2024-02-27,102,59684
2024-02-27_102_66594,2024-02-27,102,66594
2024-02-27_102_3721,2024-02-27,102,3721
2024-02-27_102_70536,2024-02-27,102,70536
2024-04-04_103_36948,2024-04-04,103,36948
2024-04-04_103_52495,2024-04-04,103,52495
2024-01-17_104_70723,2024-01-17,104,70723
2024-01-17_104_21734,2024-01-17,104,21734
2024-01-17_104_65301,2024-01-17,104,65301
2024-04-04_105_52364,2024-04-04,105,52364
2024-04-04_105_48915,2024-04-04,105,48915
2024-04-04_105_40689,2024-04-04,105,40689
2024-04-04_105_49239,2024-04-04,105,49239
2024-04-04_105_12914,2024-04-04,105,12914
2024-04-04_105_90845,2024-04-04,105,90845
2024-04-04_105_25516,2024-04-04,105,25516
2024-04-04_105_18007,2024-04-04,105,18007
2024-03-28_106_77375,2024-03-28,106,77375
2024-04-14_107_45543,2024-04-14,107,45543
2024-04-14_107_87767,2024-04-14,107,87767
2024-04-14_107_51722,2024-04-14,107,51722
2024-04-14_107_370,2024-04-14,107,370
2024-04-14_107_90423,2024-04-14,107,90423
2024-04-14_107_3721,2024-04-14,107,3721
2024-04-14_107_34178,2024-04-14,107,34178
2024-04-14_107_98318,2024-04-14,107,98318
2024-03-17_108_25035,2024-03-17,108,25035
2024-03-17_108_5384,2024-03-17,108,5384
2024-03-17_108_53717,2024-03-17,108,53717
2024-03-17_108_28761,2024-03-17,108,28761
2024-03-17_108_45543,2024-03-17,108,45543
2024-03-17_108_14172,2024-03-17,108,14172
2024-03-17_108_19374,2024-03-17,108,19374
2024-03-15_109_45879,2024-03-15,109,45879
2024-03-15_109_45543,2024-03-15,109,45543
2024-03-15_109_76351,2024-03-15,109,76351
2024-03-15_109_27249,2024-03-15,109,27249
2024-01-10_110_58341,2024-01-10,110,58341
2024-01-10_110_39162,2024-01-10,110,39162
2024-01-10_110_172,2024-01-10,110,172
2024-01-10_110_74722,2024-01-10,110,74722
2024-01-10_110_35678,2024-01-10,110,35678
2024-02-03_111_16217,2024-02-03,111,16217
2024-02-03_111_93823,2024-02-03,111,93823
2024-02-03_111_11494,2024-02-03,111,11494
2024-02-03_111_21734,2024-02-03,111,21734
2024-02-03_111_3721,2024-02-03,111,3721
2024-02-03_111_87767,2024-02-03,111,87767
2024-02-18_112_87549,2024-02-18,112,87549
2024-02-18_112_55837,2024-02-18,112,55837
2024-02-18_112_92389,2024-02-18,112,92389
2024-02-18_112_8915,2024-02-18,112,8915
2024-02-18_112_77128,2024-02-18,112,77128
2024-02-18_112_51612,2024-02-18,112,51612
2024-02-18_112_24259,2024-02-18,112,24259
2024-02-18_112_65265,2024-02-18,112,65265
2024-02-18_112_54397,2024-02-18,112,54397
2024-02-18_112_16217,2024-02-18,112,16217
2024-01-14_113_55769,2024-01-14,113,55769
2024-01-14_113_11746,2024-01-14,113,11746
2024-01-14_113_21609,2024-01-14,113,21609
2024-01-14_113_90568,2024-01-14,113,90568
2024-03-09_114_34178,2024-03-09,114,34178
2024-03-09_114_90113,2024-03-09,114,90113
2024-03-09_114_68371,2024-03-09,114,68371
2024-03-09_114_87767,2024-03-09,114,87767
2024-03-09_114_58341,2024-03-09,114,58341
2024-03-09_114_28980,2024-03-09,114,28980
2024-03-09_114_60742,2024-03-09,114,60742
2024-03-09_114_27249,2024-03-09,114,27249
2024-03-09_114_92389,2024-03-09,114,92389
2024-02-15_115_3824,2024-02-15,115,3824
2024-02-15_115_5384,2024-02-15,115,5384
2024-02-15_115_370,2024-02-15,115,370
2024-02-15_115_29528,2024-02-15,115,29528
2024-02-15_115_26664,2024-02-15,115,26664
2024-02-15_115_85397,2024-02-15,115,85397
2024-02-15_115_92389,2024-02-15,115,92389
2024-02-15_115_25035,2024-02-15,115,25035
2024-02-15_115_69875,2024-02-15,115,69875
2024-04-21_116_90845,2024-04-21,116,90845
2024-04-21_116_60742,2024-04-21,116,60742
2024-04-21_116_94033,2024-04-21,116,94033
2024-04-21_116_54397,2024-04-21,116,54397
2024-02-08_117_85397,2024-02-08,117,85397
2024-02-08_117_5150,2024-02-08,117,5150
2024-02-08_117_172,2024-02-08,117,172
2024-02-08_117_16180,2024-02-08,117,16180
2024-02-08_117_90113,2024-02-08,117,90113
2024-02-08_117_28761,2024-02-08,117,28761
2024-02-08_117_21995,2024-02-08,117,21995
2024-02-17_118_90511,2024-02-17,118,90511
2024-02-17_118_66594,2024-02-17,118,66594
2024-02-17_118_90423,2024-02-17,118,90423
2024-02-17_118_14774,2024-02-17,118,14774
2024-02-17_118_64559,2024-02-17,118,64559
2024-02-17_118_36729,2024-02-17,118,36729
2024-01-17_119_36948,2024-01-17,119,36948
2024-01-17_119_90845,2024-01-17,119,90845
2024-01-17_119_64123,2024-01-17,119,64123
2024-01-17_119_66231,2024-01-17,119,66231
2024-01-17_119_83654,2024-01-17,119,83654
2024-01-17_119_69875,2024-01-17,119,69875
2024-01-17_119_96649,2024-01-17,119,96649
2024-01-17_119_70536,2024-01-17,119,70536
2024-01-17_119_92490,2024-01-17,119,92490
2024-01-17_119_93328,2024-01-17,119,93328
2024-03-02_120_70536,2024-03-02,120,70536
2024-03-02_120_43881,2024-03-02,120,43881
2024-03-02_120_54397,2024-03-02,120,54397
2024-03-02_120_5384,2024-03-02,120,5384
2024-03-02_120_45543,2024-03-02,120,45543
2024-01-16_121_87549,2024-01-16,121,87549
2024-01-16_121_70191,2024-01-16,121,70191
2024-01-16_121_87767,2024-01-16,121,87767
2024-01-16_121_3721,2024-01-16,121,3721
2024-01-16_121_65301,2024-01-16,121,65301
2024-01-16_121_54373,2024-01-16,121,54373
2024-01-05_122_70723,2024-01-05,122,70723
2024-01-05_122_23314,2024-01-05,122,23314
2024-01-05_122_54397,2024-01-05,122,54397
2024-01-05_122_40689,2024-01-05,122,40689
2024-01-05_122_66231,2024-01-05,122,66231
2024-01-05_122_54373,2024-01-05,122,54373
2024-01-05_122_74557,2024-01-05,122,74557
2024-01-05_122_64123,2024-01-05,122,64123
2024-04-15_123_94033,2024-04-15,123,94033
2024-04-15_123_45879,2024-04-15,123,45879
2024-04-15_123_16921,2024-04-15,123,16921
2024-04-15_123_28506,2024-04-15,123,28506
2024-04-15_123_22413,2024-04-15,123,22413
2024-04-15_123_49239,2024-04-15,123,49239
2024-04-15_123_26664,2024-04-15,123,26664
2024-02-18_124_55837,2024-02-18,124,55837
2024-02-18_124_39162,2024-02-18,124,39162
2024-02-18_124_58341,2024-02-18,124,58341
2024-02-18_124_25035,2024-02-18,124,25035
2024-02-18_124_55769,2024-02-18,124,55769
2024-02-18_124_31396,2024-02-18,124,31396
2024-02-18_124_89702,2024-02-18,124,89702
2024-02-18_124_877,2024-02-18,124,877
2024-02-18_124_49674,2024-02-18,124,49674
2024-02-25_125_66857,2024-02-25,125,66857
2024-02-25_125_14753,2024-02-25,125,14753
2024-02-25_125_50994,2024-02-25,125,50994
2024-02-25_125_21609,2024-02-25,125,21609
2024-02-25_125_52226,2024-02-25,125,52226
2024-02-25_125_51722,2024-02-25,125,51722
2024-02-25_125_25035,2024-02-25,125,25035
2024-02-25_125_40618,2024-02-25,125,40618
2024-02-25_125_5384,2024-02-25,125,5384
2024-04-27_126_36729,2024-04-27,126,36729
2024-04-27_126_65971,2024-04-27,126,65971
2024-04-27_126_45879,2024-04-27,126,45879
2024-04-27_126_22413,2024-04-27,126,22413
2024-04-27_126_28761,2024-04-27,126,28761
2024-04-27_126_53717,2024-04-27,126,53717
2024-04-27_126_16217,2024-04-27,126,16217
2024-04-27_126_28980,2024-04-27,126,28980
2024-04-27_126_98318,2024-04-27,126,98318
2024-04-27_126_63456,2024-04-27,126,63456
2024-02-07_127_10573,2024-02-07,127,10573
2024-02-07_127_59684,2024-02-07,127,59684
2024-02-07_127_36948,2024-02-07,127,36948
2024-02-07_127_55769,2024-02-07,127,55769
2024-02-07_127_93328,2024-02-07,127,93328
2024-02-07_127_41083,2024-02-07,127,41083
2024-02-07_127_92389,2024-02-07,127,92389
2024-01-17_128_93814,2024-01-17,128,93814
2024-01-17_128_90423,2024-01-17,128,90423
2024-01-17_128_16145,2024-01-17,128,16145
2024-01-17_128_25516,2024-01-17,128,25516
2024-01-17_128_36729,2024-01-17,128,36729
2024-01-17_128_13000,2024-01-17,128,13000
2024-01-17_128_59684,2024-01-17,128,59684
2024-01-17_128_59279,2024-01-17,128,59279
2024-01-17_128_28506,2024-01-17,128,28506
2024-01-24_129_43722,2024-01-24,129,43722
2024-01-24_129_52226,2024-01-24,129,52226
2024-02-13_130_60742,2024-02-13,130,60742
2024-02-13_130_14172,2024-02-13,130,14172
2024-02-13_130_27249,2024-02-13,130,27249
2024-02-13_130_5150,2024-02-13,130,5150
2024-02-05_131_24636,2024-02-05,131,24636
2024-02-05_131_51722,2024-02-05,131,51722
2024-02-05_131_94033,2024-02-05,131,94033
2024-02-05_131_25035,2024-02-05,131,25035
2024-02-05_131_3824,2024-02-05,131,3824
2024-02-05_131_36948,2024-02-05,131,36948
2024-02-05_131_74557,2024-02-05,131,74557
2024-02-05_131_8915,2024-02-05,131,8915
2024-03-26_132_6112,2024-03-26,132,6112
2024-03-26_132_10573,2024-03-26,132,10573
2024-03-26_132_90845,2024-03-26,132,90845
2024-03-26_132_53717,2024-03-26,132,53717
2024-02-07_133_90269,2024-02-07,133,90269
2024-02-07_133_35678,2024-02-07,133,35678
2024-02-07_133_3721,2024-02-07,133,3721
2024-02-07_133_172,2024-02-07,133,172
2024-02-07_133_51722,2024-02-07,133,51722
2024-02-07_133_24259,2024-02-07,133,24259
2024-02-07_133_85805,2024-02-07,133,85805
2024-02-07_133_69875,2024-02-07,133,69875
2024-03-06_134_58341,2024-03-06,134,58341
2024-03-06_134_370,2024-03-06,134,370
2024-03-06_134_24259,2024-03-06,134,24259
2024-03-28_135_15561,2024-03-28,135,15561
2024-03-28_135_90568,2024-03-28,135,90568
2024-03-28_135_80537,2024-03-28,135,80537
2024-03-28_135_90511,2024-03-28,135,90511
2024-03-28_135_66594,2024-03-28,135,66594
2024-03-28_135_21609,2024-03-28,135,21609
2024-03-28_135_3721,2024-03-28,135,3721
2024-03-28_135_45879,2024-03-28,135,45879
2024-03-28_135_85397,2024-03-28,135,85397
2024-03-28_135_66231,2024-03-28,135,66231
2024-03-10_136_19374,2024-03-10,136,19374
2024-03-10_136_81780,2024-03-10,136,81780
2024-03-10_136_60742,2024-03-10,136,60742
2024-03-10_136_90568,2024-03-10,136,90568
2024-03-10_136_69100,2024-03-10,136,69100
2024-03-10_136_92490,2024-03-10,136,92490
2024-03-10_136_56599,2024-03-10,136,56599
2024-03-10_136_92389,2024-03-10,136,92389
2024-02-03_137_71576,2024-02-03,137,71576
2024-02-03_137_45543,2024-02-03,137,45543
2024-02-03_137_92389,2024-02-03,137,92389
2024-02-03_137_70415,2024-02-03,137,70415
2024-02-03_137_28980,2024-02-03,137,28980
2024-02-03_137_5384,2024-02-03,137,5384
2024-02-03_137_55837,2024-02-03,137,55837
2024-02-03_137_55769,2024-02-03,137,55769
2024-02-22_138_82466,2024-02-22,138,82466
2024-02-22_138_49674,2024-02-22,138,49674
2024-02-22_138_98318,2024-02-22,138,98318
2024-03-27_139_11746,2024-03-27,139,11746
2024-03-27_139_16145,2024-03-27,139,16145
2024-03-27_139_52364,2024-03-27,139,52364
2024-03-27_139_33107,2024-03-27,139,33107
2024-03-27_139_6794,2024-03-27,139,6794
2024-03-27_139_70723,2024-03-27,139,70723
2024-03-27_139_77375,2024-03-27,139,77375
2024-03-27_139_94033,2024-03-27,139,94033
2024-04-14_140_89702,2024-04-14,140,89702
2024-01-25_141_28399,2024-01-25,141,28399
2024-01-25_141_18007,2024-01-25,141,18007
2024-01-25_141_23305,2024-01-25,141,23305
2024-01-25_141_25035,2024-01-25,141,25035
2024-01-25_141_877,2024-01-25,141,877
2024-01-25_141_21734,2024-01-25,141,21734
2024-01-25_141_26664,2024-01-25,141,26664
2024-01-25_141_66231,2024-01-25,141,66231
2024-01-25_141_43881,2024-01-25,141,43881
2024-03-15_142_1400,2024-03-15,142,1400
2024-03-15_142_63456,2024-03-15,142,63456
2024-03-15_142_66046,2024-03-15,142,66046
2024-03-15_142_22783,2024-03-15,142,22783
2024-03-15_142_51612,2024-03-15,142,51612
2024-03-15_142_69100,2024-03-15,142,69100
2024-03-15_142_65265,2024-03-15,142,65265
2024-03-15_142_19374,2024-03-15,142,19374
2024-03-15_142_77375,2024-03-15,142,77375
2024-04-21_143_24636,2024-04-21,143,24636
2024-03-20_144_70536,2024-03-20,144,70536
2024-03-20_144_87767,2024-03-20,144,87767
2024-03-20_144_3445,2024-03-20,144,3445
2024-03-20_144_90113,2024-03-20,144,90113
2024-04-27_145_5384,2024-04-27,145,5384
2024-01-17_146_10232,2024-01-17,146,10232
2024-01-17_146_59279,2024-01-17,146,59279
2024-01-17_146_8915,2024-01-17,146,8915
2024-01-17_146_87549,2024-01-17,146,87549
2024-01-17_146_28399,2024-01-17,146,28399
2024-01-17_146_74557,2024-01-17,146,74557
2024-01-17_146_85397,2024-01-17,146,85397
2024-01-17_146_11746,2024-01-17,146,11746
2024-03-30_147_65971,2024-03-30,147,65971
2024-03-30_147_52226,2024-03-30,147,52226
2024-03-30_147_10232,2024-03-30,147,10232
2024-03-30_147_5384,2024-03-30,147,5384
2024-03-30_147_8915,2024-03-30,147,8915
2024-03-14_148_19576,2024-03-14,148,19576
2024-03-14_148_5150,2024-03-14,148,5150
2024-03-14_148_77375,2024-03-14,148,77375
2024-03-14_148_22391,2024-03-14,148,22391
2024-03-14_148_6112,2024-03-14,148,6112
2024-03-14_148_96649,2024-03-14,148,96649
2024-03-14_148_26664,2024-03-14,148,26664
2024-02-10_149_3445,2024-02-10,149,3445
2024-02-10_149_52364,2024-02-10,149,52364
2024-02-10_149_56599,2024-02-10,149,56599
2024-02-10_149_65301,2024-02-10,149,65301
2024-02-10_149_13000,2024-02-10,149,13000
2024-02-10_149_83654,2024-02-10,149,83654
2024-02-10_149_76351,2024-02-10,149,76351
2024-02-10_149_28399,2024-02-10,149,28399
2024-02-10_149_43222,2024-02-10,149,43222
